{
    "loss": 3.3763883113861084,
    "accuracy": 0.7598039507865906
}