{
    "loss": 15.320938110351562,
    "accuracy": 0.29411765933036804
}